{"cameraMode":{"drawMode":0,"name":"Shaded","section":"Shading Mode"},"sceneLighting":true,"audioPlay":false,"sceneViewState":{"m_AlwaysRefresh":false,"showFog":true,"showSkybox":true,"showFlares":true,"showImageEffects":true,"showParticleSystems":true,"showVisualEffectGraphs":true,"m_FxEnabled":true},"in2DMode":false,"pivot":{"x":3.393686294555664,"y":2.954796314239502,"z":-12.106110572814942},"rotation":{"x":0.048732709139585498,"y":0.9478530883789063,"z":-0.2601817548274994,"w":0.17749002575874329},"size":1.1232274770736695,"orthographic":false}